{"cameraMode":{"drawMode":0,"name":"Shaded","section":"Shading Mode"},"sceneLighting":true,"audioPlay":false,"sceneViewState":{"showFog":true,"showMaterialUpdate":false,"showSkybox":true,"showFlares":true,"showImageEffects":true,"showParticleSystems":true},"in2DMode":false,"pivot":{"x":-4.340000152587891,"y":-3.4700000286102297,"z":-1.043081283569336e-7},"rotation":{"x":-0.17630161345005036,"y":0.5145032405853272,"z":-0.10902786999940872,"w":-0.832075297832489},"size":13.705680847167969,"orthographic":true}