{"cameraMode":{"drawMode":0,"name":"Shaded","section":"Shading Mode"},"sceneLighting":true,"audioPlay":false,"sceneViewState":{"showFog":true,"showMaterialUpdate":false,"showSkybox":true,"showFlares":true,"showImageEffects":true,"showParticleSystems":true},"in2DMode":false,"pivot":{"x":-4.340000152587891,"y":-3.4700000286102297,"z":-1.043081283569336e-7},"rotation":{"x":-0.059350594878196719,"y":0.9290153980255127,"z":-0.1707834154367447,"w":-0.3228907883167267},"size":18.196069717407228,"orthographic":true}