{"cameraMode":{"drawMode":0,"name":"Shaded","section":"Shading Mode"},"sceneLighting":true,"audioPlay":false,"sceneViewState":{"showFog":true,"showMaterialUpdate":false,"showSkybox":true,"showFlares":true,"showImageEffects":true,"showParticleSystems":true},"in2DMode":false,"pivot":{"x":4.599671363830566,"y":3.7952628135681154,"z":1.5996549129486085},"rotation":{"x":0.10650757700204849,"y":-0.8011944890022278,"z":0.14974959194660188,"w":0.5695212483406067},"size":3.270249128341675,"orthographic":false}