{"cameraMode":{"drawMode":0,"name":"Shaded","section":"Shading Mode"},"sceneLighting":true,"audioPlay":false,"sceneViewState":{"showFog":true,"showMaterialUpdate":false,"showSkybox":true,"showFlares":true,"showImageEffects":true,"showParticleSystems":true},"in2DMode":false,"pivot":{"x":-79.98776245117188,"y":-20.663877487182618,"z":-74.51242065429688},"rotation":{"x":-0.0353933721780777,"y":0.9074094295501709,"z":-0.07805477827787399,"w":-0.41144081950187685},"size":119.91167449951172,"orthographic":false}