{"cameraMode":{"drawMode":0,"name":"Shaded","section":"Shading Mode"},"sceneLighting":true,"audioPlay":false,"sceneViewState":{"showFog":true,"showMaterialUpdate":false,"showSkybox":true,"showFlares":true,"showImageEffects":true,"showParticleSystems":true},"in2DMode":false,"pivot":{"x":935.9967651367188,"y":785.724365234375,"z":162.26600646972657},"rotation":{"x":-0.022807003930211068,"y":0.9498727321624756,"z":-0.30353760719299319,"w":-0.07137393951416016},"size":894.2262573242188,"orthographic":true}